{
  "accuracy": 0.6390728476821192,
  "auroc": 0.5010263108788953,
  "sensitivity": 0.2463768115942029,
  "specificity": 0.7553648068669528,
  "precision_normal": 0.7719298245614035,
  "precision_glaucoma": 0.22972972972972974,
  "recall_normal": 0.7553648068669528,
  "recall_glaucoma": 0.2463768115942029,
  "f1_normal": 0.7635574837310195,
  "f1_glaucoma": 0.23776223776223776,
  "support_normal": 233,
  "support_glaucoma": 69,
  "true_positives": 17,
  "true_negatives": 176,
  "false_positives": 57,
  "false_negatives": 52,
  "threshold": 0.5,
  "k": 10,
  "aggregation_method": "weighted_vote",
  "config_name": "k10_weighted_vote"
}