{
  "accuracy": 0.6390728476821192,
  "auroc": 0.46221309945885425,
  "sensitivity": 0.2753623188405797,
  "specificity": 0.7467811158798283,
  "precision_normal": 0.7767857142857143,
  "precision_glaucoma": 0.24358974358974358,
  "recall_normal": 0.7467811158798283,
  "recall_glaucoma": 0.2753623188405797,
  "f1_normal": 0.7614879649890591,
  "f1_glaucoma": 0.2585034013605442,
  "support_normal": 233,
  "support_glaucoma": 69,
  "true_positives": 19,
  "true_negatives": 174,
  "false_positives": 59,
  "false_negatives": 50,
  "threshold": 0.5,
  "k": 20,
  "aggregation_method": "mean_prob",
  "config_name": "k20_mean_prob"
}