{
  "accuracy": 0.6655629139072847,
  "auroc": 0.4652609317658768,
  "sensitivity": 0.2318840579710145,
  "specificity": 0.7939914163090128,
  "precision_normal": 0.7773109243697479,
  "precision_glaucoma": 0.25,
  "recall_normal": 0.7939914163090128,
  "recall_glaucoma": 0.2318840579710145,
  "f1_normal": 0.7855626326963907,
  "f1_glaucoma": 0.24060150375939848,
  "support_normal": 233,
  "support_glaucoma": 69,
  "true_positives": 16,
  "true_negatives": 185,
  "false_positives": 48,
  "false_negatives": 53,
  "threshold": 0.5,
  "k": 20,
  "aggregation_method": "weighted_vote",
  "config_name": "k20_weighted_vote"
}