{
  "accuracy": 0.6456953642384106,
  "auroc": 0.45770355165764764,
  "sensitivity": 0.21739130434782608,
  "specificity": 0.7725321888412017,
  "precision_normal": 0.7692307692307693,
  "precision_glaucoma": 0.22058823529411764,
  "recall_normal": 0.7725321888412017,
  "recall_glaucoma": 0.21739130434782608,
  "f1_normal": 0.7708779443254818,
  "f1_glaucoma": 0.21897810218978103,
  "support_normal": 233,
  "support_glaucoma": 69,
  "true_positives": 15,
  "true_negatives": 180,
  "false_positives": 53,
  "false_negatives": 54,
  "threshold": 0.5,
  "k": 50,
  "aggregation_method": "majority_vote",
  "config_name": "k50_majority_vote"
}