{
  "accuracy": 0.6258278145695364,
  "auroc": 0.5088946942837594,
  "sensitivity": 0.2463768115942029,
  "specificity": 0.7381974248927039,
  "precision_normal": 0.7678571428571429,
  "precision_glaucoma": 0.21794871794871795,
  "recall_normal": 0.7381974248927039,
  "recall_glaucoma": 0.2463768115942029,
  "f1_normal": 0.7527352297592997,
  "f1_glaucoma": 0.23129251700680273,
  "support_normal": 233,
  "support_glaucoma": 69,
  "true_positives": 17,
  "true_negatives": 172,
  "false_positives": 61,
  "false_negatives": 52,
  "threshold": 0.5,
  "k": 5,
  "aggregation_method": "majority_vote",
  "config_name": "k5_majority_vote"
}