{
  "accuracy": 0.5894039735099338,
  "auroc": 0.5007464079119239,
  "sensitivity": 0.30434782608695654,
  "specificity": 0.6738197424892703,
  "precision_normal": 0.7658536585365854,
  "precision_glaucoma": 0.21649484536082475,
  "recall_normal": 0.6738197424892703,
  "recall_glaucoma": 0.30434782608695654,
  "f1_normal": 0.7168949771689498,
  "f1_glaucoma": 0.25301204819277107,
  "support_normal": 233,
  "support_glaucoma": 69,
  "true_positives": 21,
  "true_negatives": 157,
  "false_positives": 76,
  "false_negatives": 48,
  "threshold": 0.5,
  "k": 10,
  "aggregation_method": "majority_vote",
  "config_name": "k10_majority_vote"
}