{
  "accuracy": 0.6655629139072847,
  "auroc": 0.45748584935000314,
  "sensitivity": 0.2028985507246377,
  "specificity": 0.8025751072961373,
  "precision_normal": 0.7727272727272727,
  "precision_glaucoma": 0.23333333333333334,
  "recall_normal": 0.8025751072961373,
  "recall_glaucoma": 0.2028985507246377,
  "f1_normal": 0.7873684210526316,
  "f1_glaucoma": 0.21705426356589147,
  "support_normal": 233,
  "support_glaucoma": 69,
  "true_positives": 14,
  "true_negatives": 187,
  "false_positives": 46,
  "false_negatives": 55,
  "threshold": 0.5,
  "k": 50,
  "aggregation_method": "weighted_vote",
  "config_name": "k50_weighted_vote"
}